ticket_id,customer_id,issue_type,created_at
30001,10308,txn_issue,2025-10-04 10:48:47.361800
30002,10495,txn_issue,2024-11-19 04:50:24.999649
30003,10493,login_issue,2025-09-17 21:32:47.651371
30004,10111,txn_issue,2025-09-07 21:03:26.000576
30005,10252,login_issue,2024-11-18 06:15:44.373704
30006,10336,login_issue,2025-02-23 03:41:11.299066
30007,10472,card_lost,2025-03-16 17:35:03.548645
30008,10492,login_issue,2024-11-04 03:38:43.305750
30009,10084,fraud_alert,2026-03-11 21:10:00.303954
30010,10491,txn_issue,2024-05-08 17:57:15.547369
30011,10364,login_issue,2026-03-12 18:37:15.797959
30012,10160,fraud_alert,2024-12-12 18:30:52.563233
30013,10155,txn_issue,2025-10-16 10:02:20.590334
30014,10098,txn_issue,2025-11-25 23:25:04.009048
30015,10189,login_issue,2025-03-20 02:31:50.177252
30016,10086,login_issue,2025-05-09 15:25:44.152768
30017,10062,fraud_alert,2024-12-27 11:50:34.499979
30018,10259,fraud_alert,2025-08-16 01:52:32.675447
30019,10081,fraud_alert,2025-05-07 18:31:13.537942
30020,10382,login_issue,2026-01-16 02:26:22.436067
30021,10462,login_issue,2025-01-12 09:44:15.103974
30022,10347,card_lost,2025-10-17 11:39:18.110846
30023,10359,login_issue,2024-03-29 07:05:38.901255
30024,10468,login_issue,2025-10-14 23:33:18.963314
30025,10366,fraud_alert,2025-07-01 00:09:45.154454
30026,10095,login_issue,2025-10-02 22:05:43.193918
30027,10489,login_issue,2026-01-27 05:17:27.928050
30028,10287,login_issue,2025-08-17 07:44:23.889789
30029,10221,login_issue,2025-02-10 02:59:34.629252
30030,10192,login_issue,2024-11-05 00:35:16.159041
30031,10170,txn_issue,2024-07-31 06:44:27.763373
30032,10058,login_issue,2025-11-25 21:16:36.625568
30033,10043,login_issue,2025-09-09 06:39:23.814031
30034,10160,card_lost,2025-03-31 21:28:53.274676
30035,10158,fraud_alert,2025-06-28 17:08:54.349795
30036,10235,fraud_alert,2024-05-23 13:40:49.975292
30037,10475,fraud_alert,2025-05-06 01:02:17.161644
30038,10339,txn_issue,2024-08-01 12:04:34.067598
30039,10383,login_issue,2025-12-28 05:49:17.304212
30040,10445,login_issue,2024-11-13 06:32:08.289340
30041,10412,login_issue,2025-09-06 01:19:45.050433
30042,10301,card_lost,2024-11-22 08:41:38.158971
30043,10394,txn_issue,2025-03-05 16:27:06.480392
30044,10144,card_lost,2025-05-23 12:23:19.383528
30045,10415,login_issue,2024-12-14 02:20:18.352912
30046,10010,txn_issue,2025-08-28 06:46:04.435456
30047,10330,fraud_alert,2025-02-14 02:38:30.904570
30048,10348,login_issue,2024-06-23 09:15:58.266180
30049,10268,txn_issue,2025-03-09 03:07:33.472898
30050,10481,login_issue,2025-01-15 22:19:12.768843
30051,10156,login_issue,2024-10-05 12:27:18.901197
30052,10018,fraud_alert,2024-10-14 02:00:05.901548
30053,10436,txn_issue,2026-02-01 14:33:27.958590
30054,10412,card_lost,2024-10-30 06:13:58.448700
30055,10284,login_issue,2024-05-01 00:41:31.083250
30056,10491,login_issue,2025-06-15 03:03:41.629808
30057,10231,login_issue,2025-02-27 18:34:03.603292
30058,10448,fraud_alert,2025-04-22 06:54:46.377892
30059,10270,fraud_alert,2024-08-28 06:54:56.837463
30060,10264,login_issue,2025-03-10 14:29:06.104998
30061,10478,fraud_alert,2024-07-28 19:07:32.943457
30062,10356,login_issue,2025-05-02 20:05:37.583579
30063,10259,login_issue,2024-06-17 02:27:36.030759
30064,10202,fraud_alert,2025-06-15 22:27:08.480592
30065,10137,fraud_alert,2024-08-13 09:55:07.410733
30066,10047,login_issue,2025-06-29 09:44:38.557501
30067,10063,login_issue,2024-07-06 15:20:34.378763
30068,10424,fraud_alert,2026-01-01 00:48:51.197367
30069,10077,login_issue,2025-07-23 08:45:37.876887
30070,10342,fraud_alert,2025-06-05 20:07:02.255781
30071,10121,txn_issue,2024-07-19 11:44:04.769565
30072,10408,txn_issue,2025-06-29 02:30:20.938489
30073,10455,txn_issue,2024-04-13 03:30:53.013934
30074,10013,txn_issue,2025-08-25 07:53:10.585988
30075,10390,login_issue,2025-07-25 05:11:57.614132
30076,10458,login_issue,2026-02-07 19:10:48.522314
30077,10179,txn_issue,2024-10-29 07:54:57.125000
30078,10316,txn_issue,2025-01-01 23:38:58.821034
30079,10331,txn_issue,2024-06-25 07:17:01.627327
30080,10157,login_issue,2024-09-26 05:31:33.438760
30081,10016,txn_issue,2025-02-19 17:44:32.419788
30082,10246,login_issue,2025-01-30 00:46:10.286291
30083,10468,login_issue,2025-07-05 06:38:47.659309
30084,10192,card_lost,2025-05-26 06:33:30.068133
30085,10341,fraud_alert,2024-11-14 23:48:03.095076
30086,10055,txn_issue,2025-06-03 21:35:52.841048
30087,10413,txn_issue,2026-01-21 23:11:39.731545
30088,10334,txn_issue,2025-02-24 19:58:46.694768
30089,10311,fraud_alert,2026-01-31 05:33:52.893529
30090,10188,fraud_alert,2025-07-14 15:23:31.832611
30091,10169,login_issue,2025-07-12 11:30:07.133007
30092,10208,login_issue,2025-09-20 01:26:13.941931
30093,10009,login_issue,2025-01-08 09:04:28.430691
30094,10006,login_issue,2025-08-03 22:53:41.438440
30095,10102,txn_issue,2024-04-06 15:39:28.400645
30096,10413,login_issue,2026-02-12 16:30:56.545710
30097,10146,login_issue,2025-02-03 06:10:05.672330
30098,10280,login_issue,2024-07-11 21:59:36.507776
30099,10051,card_lost,2024-10-27 17:58:58.378458
30100,10273,login_issue,2025-01-28 21:08:05.323683
30101,10228,login_issue,2024-12-31 12:44:33.303732
30102,10277,login_issue,2025-06-06 21:37:57.449845
30103,10083,login_issue,2025-08-04 12:49:52.813724
30104,10318,card_lost,2024-08-29 05:44:17.016280
30105,10471,login_issue,2026-01-27 21:50:59.924422
30106,10347,txn_issue,2025-11-08 18:34:25.212865
30107,10117,txn_issue,2025-07-29 19:38:04.812934
30108,10075,txn_issue,2025-05-06 20:33:57.540256
30109,10474,txn_issue,2024-11-01 00:30:56.780676
30110,10373,txn_issue,2025-04-02 12:06:38.350147
30111,10310,fraud_alert,2025-03-24 09:17:27.230716
30112,10395,card_lost,2025-12-22 00:42:36.220074
30113,10171,txn_issue,2025-09-14 03:03:34.870967
30114,10214,txn_issue,2026-01-10 11:29:41.584563
30115,10377,txn_issue,2024-04-01 01:35:22.961207
30116,10211,fraud_alert,2024-11-13 22:31:00.349463
30117,10392,txn_issue,2025-05-17 05:45:23.854793
30118,10151,txn_issue,2024-11-19 05:04:12.368377
30119,10240,login_issue,2025-06-25 15:14:09.940336
30120,10121,card_lost,2024-07-18 17:42:29.443417
30121,10309,fraud_alert,2025-03-03 07:46:19.586002
30122,10215,login_issue,2024-08-01 18:13:17.263995
30123,10296,login_issue,2024-12-22 21:42:33.775667
30124,10265,fraud_alert,2025-09-19 12:24:31.755832
30125,10152,txn_issue,2024-07-04 23:41:09.542057
30126,10332,login_issue,2025-10-30 17:24:42.352369
30127,10076,login_issue,2025-10-09 10:40:20.284552
30128,10224,login_issue,2024-11-14 05:47:42.670435
30129,10130,login_issue,2025-09-07 13:22:19.718728
30130,10251,txn_issue,2024-07-14 02:46:23.239307
30131,10326,fraud_alert,2024-09-15 02:07:49.080218
30132,10260,txn_issue,2026-02-08 17:45:40.524716
30133,10317,txn_issue,2025-08-26 10:54:02.953942
30134,10205,txn_issue,2025-12-24 08:20:00.632945
30135,10126,login_issue,2026-01-22 10:50:14.799637
30136,10192,login_issue,2025-11-09 02:34:47.008368
30137,10036,login_issue,2025-06-05 13:35:23.144073
30138,10041,fraud_alert,2024-07-19 02:06:54.940521
30139,10359,login_issue,2026-02-20 00:52:09.515137
30140,10166,login_issue,2025-09-02 14:58:54.529112
30141,10338,login_issue,2024-10-03 16:01:57.413611
30142,10143,card_lost,2024-07-27 06:16:21.026850
30143,10304,fraud_alert,2025-10-11 13:26:34.543099
30144,10353,fraud_alert,2025-07-29 18:24:18.177264
30145,10234,login_issue,2024-09-21 03:04:32.848160
30146,10414,login_issue,2024-09-19 17:35:41.680231
30147,10228,login_issue,2025-12-21 07:16:19.445415
30148,10191,fraud_alert,2025-01-28 12:03:13.118282
30149,10025,login_issue,2025-01-04 15:22:06.087015
30150,10260,fraud_alert,2024-04-22 16:02:50.123281
30151,10018,txn_issue,2024-06-01 05:30:22.455939
30152,10429,fraud_alert,2026-02-16 17:27:53.709857
30153,10120,txn_issue,2025-06-01 00:08:16.001362
30154,10353,card_lost,2025-09-14 07:19:18.085491
30155,10084,login_issue,2024-05-22 14:09:38.841947
30156,10490,txn_issue,2024-04-24 07:02:39.595309
30157,10213,login_issue,2024-12-21 12:29:54.138726
30158,10449,txn_issue,2025-03-29 23:16:59.331888
30159,10482,card_lost,2024-07-21 09:30:20.129376
30160,10329,login_issue,2025-11-04 12:26:39.054095
30161,10065,txn_issue,2024-12-27 03:13:39.594820
30162,10367,txn_issue,2025-09-10 18:45:48.860795
30163,10027,card_lost,2025-04-03 21:38:51.023838
30164,10207,login_issue,2025-04-05 05:37:36.638539
30165,10088,txn_issue,2025-02-27 01:14:00.005011
30166,10444,card_lost,2026-03-05 20:12:50.610147
30167,10443,fraud_alert,2026-02-24 10:30:39.581875
30168,10409,fraud_alert,2024-10-04 15:49:36.054152
30169,10418,fraud_alert,2024-09-19 03:07:27.839967
30170,10236,txn_issue,2026-01-02 05:35:33.657089
30171,10050,txn_issue,2024-09-22 05:29:03.533699
30172,10183,login_issue,2024-04-02 23:17:00.098721
30173,10394,txn_issue,2024-09-15 15:29:17.379362
30174,10478,login_issue,2026-02-01 04:30:58.575018
30175,10365,login_issue,2025-09-25 16:38:35.868778
30176,10233,login_issue,2025-07-26 18:29:52.008133
30177,10186,login_issue,2025-06-17 23:00:42.205822
30178,10089,fraud_alert,2024-05-19 23:56:05.002199
30179,10387,login_issue,2026-02-17 05:04:37.866420
30180,10086,fraud_alert,2025-06-17 03:22:15.932849
30181,10104,fraud_alert,2024-11-11 18:27:01.676650
30182,10110,txn_issue,2025-10-25 11:19:32.177165
30183,10120,txn_issue,2024-09-03 18:23:50.399183
30184,10088,txn_issue,2024-10-25 00:11:38.913871
30185,10056,txn_issue,2024-04-23 10:55:51.328262
30186,10155,login_issue,2025-05-04 05:04:44.723934
30187,10090,txn_issue,2025-04-18 17:10:02.645715
30188,10400,txn_issue,2025-08-10 01:32:57.264014
30189,10294,login_issue,2024-09-07 23:51:33.552769
30190,10361,login_issue,2024-06-02 05:28:00.690625
30191,10437,txn_issue,2024-09-16 22:25:16.249425
30192,10196,card_lost,2024-04-09 06:58:58.793356
30193,10023,card_lost,2025-01-02 15:45:38.027844
30194,10083,fraud_alert,2025-09-12 12:27:49.698460
30195,10184,fraud_alert,2024-10-01 17:58:53.827555
30196,10207,txn_issue,2025-01-21 11:49:42.332882
30197,10223,txn_issue,2024-05-08 20:16:05.231020
30198,10088,login_issue,2024-06-26 20:41:07.902611
30199,10459,fraud_alert,2025-11-18 06:26:46.013507
30200,10053,login_issue,2026-01-19 23:34:25.205822
30201,10202,txn_issue,2025-03-15 21:56:08.786427
30202,10200,fraud_alert,2025-03-15 19:44:54.580686
30203,10195,card_lost,2026-02-26 05:53:44.141828
30204,10403,txn_issue,2024-09-17 00:40:14.626095
30205,10004,login_issue,2026-02-26 10:56:27.241091
30206,10413,txn_issue,2025-04-26 14:32:35.160878
30207,10429,txn_issue,2024-03-21 19:25:17.396245
30208,10361,card_lost,2025-10-07 20:42:10.672075
30209,10021,fraud_alert,2025-12-20 11:12:59.166612
30210,10310,login_issue,2024-07-14 22:07:00.105747
30211,10244,login_issue,2025-10-25 07:45:26.821666
30212,10126,fraud_alert,2024-05-15 04:07:25.483146
30213,10365,card_lost,2024-08-24 04:25:28.409041
30214,10201,login_issue,2025-03-21 04:25:08.924195
30215,10052,txn_issue,2024-12-13 05:15:19.305104
30216,10243,login_issue,2024-04-11 18:56:32.159982
30217,10496,login_issue,2025-06-21 05:32:38.289123
30218,10402,fraud_alert,2024-09-11 17:42:26.737014
30219,10211,fraud_alert,2024-05-31 16:48:52.563239
30220,10145,login_issue,2024-07-09 01:09:18.551366
30221,10044,login_issue,2024-05-12 13:18:48.093103
30222,10107,card_lost,2024-08-09 10:02:39.410519
30223,10152,txn_issue,2025-11-04 11:16:21.203255
30224,10113,fraud_alert,2025-01-02 14:38:15.470462
30225,10390,login_issue,2025-09-26 03:34:47.471299
30226,10223,txn_issue,2024-08-25 11:47:57.471539
30227,10155,txn_issue,2024-05-07 17:06:37.641726
30228,10431,fraud_alert,2025-10-02 02:41:22.275577
30229,10482,login_issue,2025-05-27 17:36:32.004969
30230,10174,txn_issue,2024-07-27 16:44:46.527479
30231,10347,fraud_alert,2024-07-20 18:41:40.043493
30232,10347,fraud_alert,2024-04-22 07:47:05.047396
30233,10163,txn_issue,2024-09-14 14:53:12.679772
30234,10185,txn_issue,2025-04-25 07:30:30.756915
30235,10396,login_issue,2026-01-17 13:51:20.600830
30236,10285,txn_issue,2025-03-08 13:41:25.309988
30237,10313,fraud_alert,2024-04-14 15:03:03.745246
30238,10198,card_lost,2024-06-10 04:33:42.897607
30239,10055,login_issue,2025-06-17 18:07:55.742731
30240,10421,card_lost,2025-06-04 14:02:23.278238
30241,10071,login_issue,2026-01-04 17:45:55.842984
30242,10198,login_issue,2026-02-11 00:07:40.463993
30243,10053,login_issue,2024-05-30 10:36:30.140984
30244,10467,card_lost,2025-10-05 22:54:15.471592
30245,10014,txn_issue,2025-03-10 01:39:11.208454
30246,10498,login_issue,2024-11-08 23:40:05.207916
30247,10021,login_issue,2026-01-09 11:25:16.812505
30248,10462,card_lost,2025-08-11 14:05:46.315198
30249,10360,fraud_alert,2024-03-30 02:58:40.893449
30250,10014,login_issue,2025-08-12 19:20:42.226351
30251,10309,login_issue,2025-08-06 07:24:21.901149
30252,10115,fraud_alert,2025-07-12 09:31:34.068715
30253,10352,card_lost,2025-06-29 18:09:33.838049
30254,10218,fraud_alert,2025-09-20 06:33:24.803048
30255,10383,card_lost,2024-05-16 22:15:44.946688
30256,10195,txn_issue,2025-02-21 05:39:05.580804
30257,10207,fraud_alert,2025-12-14 17:47:56.840156
30258,10341,card_lost,2025-11-25 19:18:28.143382
30259,10350,fraud_alert,2025-12-25 12:28:57.417815
30260,10432,txn_issue,2025-11-09 16:26:54.851360
30261,10495,fraud_alert,2024-07-25 07:25:50.536383
30262,10462,fraud_alert,2024-10-20 20:47:39.208854
30263,10111,fraud_alert,2024-10-31 17:41:24.486883
30264,10440,login_issue,2024-09-10 06:36:15.024208
30265,10167,login_issue,2026-03-14 03:06:04.961066
30266,10101,txn_issue,2025-10-13 21:33:16.429910
30267,10169,fraud_alert,2025-03-27 20:38:09.462827
30268,10432,login_issue,2025-10-09 11:39:10.475285
30269,10156,txn_issue,2024-06-11 03:58:38.187639
30270,10258,login_issue,2026-01-16 02:53:58.824943
30271,10278,fraud_alert,2024-11-03 10:42:35.050899
30272,10455,login_issue,2025-08-27 03:25:34.199100
30273,10236,fraud_alert,2024-10-28 11:27:22.271872
30274,10128,txn_issue,2025-06-15 02:41:28.178328
30275,10352,card_lost,2024-06-11 01:04:04.753569
30276,10123,card_lost,2026-03-03 07:18:02.149260
30277,10189,fraud_alert,2024-05-01 21:06:41.377947
30278,10336,txn_issue,2025-08-24 18:25:36.798485
30279,10292,login_issue,2025-04-27 15:21:14.153595
30280,10450,login_issue,2024-03-27 23:19:22.061403
30281,10337,txn_issue,2025-03-07 15:21:29.251081
30282,10305,fraud_alert,2025-04-13 11:03:06.464195
30283,10259,txn_issue,2024-08-03 05:31:09.249295
30284,10496,txn_issue,2024-04-13 07:44:49.827397
30285,10279,txn_issue,2024-09-22 00:07:05.539263
30286,10443,fraud_alert,2024-04-23 02:48:53.355655
30287,10357,login_issue,2024-09-09 12:19:37.527902
30288,10231,txn_issue,2026-03-14 04:25:56.866973
30289,10156,txn_issue,2025-08-27 07:07:01.087402
30290,10109,txn_issue,2024-03-27 03:36:28.875630
30291,10361,txn_issue,2025-12-15 06:57:34.221099
30292,10328,login_issue,2026-01-30 16:35:40.037427
30293,10033,txn_issue,2024-08-14 17:17:22.055090
30294,10126,txn_issue,2025-06-21 04:04:48.662368
30295,10068,fraud_alert,2025-05-08 22:15:05.336276
30296,10245,fraud_alert,2024-06-11 09:13:45.185069
30297,10327,login_issue,2025-11-21 18:32:21.576577
30298,10267,txn_issue,2024-07-20 14:39:24.997245
30299,10488,txn_issue,2024-12-22 23:45:24.239448
30300,10136,txn_issue,2025-07-30 17:39:12.314169
30301,10276,txn_issue,2024-04-07 08:29:12.775091
30302,10062,login_issue,2025-12-09 02:50:01.272871
30303,10171,login_issue,2025-12-15 22:06:55.318735
30304,10103,txn_issue,2024-08-23 22:00:09.020672
30305,10092,fraud_alert,2024-09-29 21:09:41.344747
30306,10075,login_issue,2024-05-14 15:52:06.980909
30307,10114,txn_issue,2024-09-06 14:33:59.534358
30308,10121,card_lost,2025-08-01 04:19:40.913916
30309,10214,fraud_alert,2025-09-21 23:07:51.844486
30310,10484,txn_issue,2024-08-03 14:45:13.620369
30311,10198,login_issue,2025-02-12 10:28:42.434721
30312,10263,login_issue,2024-07-15 02:13:30.985852
30313,10138,login_issue,2024-07-05 20:56:40.010838
30314,10168,card_lost,2025-12-14 20:00:16.096424
30315,10004,txn_issue,2025-12-25 20:54:54.633084
30316,10201,fraud_alert,2024-05-23 13:22:01.988173
30317,10102,fraud_alert,2024-06-09 16:23:58.144875
30318,10497,txn_issue,2025-02-02 01:15:48.483010
30319,10019,login_issue,2025-05-06 01:50:31.057162
30320,10366,txn_issue,2025-09-01 02:00:31.882810
30321,10481,fraud_alert,2024-07-19 01:43:09.223191
30322,10422,login_issue,2026-02-15 09:06:20.127899
30323,10022,card_lost,2025-09-15 09:01:53.771479
30324,10359,card_lost,2024-07-20 09:59:40.431155
30325,10129,txn_issue,2024-12-27 06:08:48.686035
30326,10369,txn_issue,2025-07-29 13:04:38.253231
30327,10437,txn_issue,2024-06-02 05:46:01.850336
30328,10149,txn_issue,2025-09-24 09:27:34.763478
30329,10497,login_issue,2025-01-06 22:18:28.651917
30330,10391,login_issue,2025-03-24 08:53:58.393065
30331,10238,login_issue,2024-06-10 14:04:44.763751
30332,10007,login_issue,2025-01-30 09:20:00.723721
30333,10470,login_issue,2026-01-23 07:47:35.027583
30334,10333,card_lost,2025-10-21 13:46:02.266056
30335,10023,txn_issue,2025-09-13 01:56:26.989435
30336,10444,login_issue,2025-01-14 15:08:44.231037
30337,10470,fraud_alert,2024-06-27 05:05:23.715274
30338,10090,txn_issue,2025-05-30 18:27:51.175330
30339,10018,login_issue,2024-07-29 05:18:12.824247
30340,10373,card_lost,2024-05-29 02:28:53.601587
30341,10071,login_issue,2024-08-05 00:03:36.103622
30342,10066,login_issue,2025-01-04 01:40:57.889937
30343,10053,login_issue,2024-09-23 12:28:42.002226
30344,10403,card_lost,2024-07-21 17:53:50.622241
30345,10192,fraud_alert,2025-02-06 06:25:45.886279
30346,10142,fraud_alert,2025-10-10 15:38:19.345571
30347,10025,card_lost,2024-07-22 17:30:47.506343
30348,10250,login_issue,2024-04-18 21:17:13.295963
30349,10033,fraud_alert,2025-05-12 22:09:40.552125
30350,10176,txn_issue,2024-05-20 04:55:27.847666
30351,10039,card_lost,2025-08-03 00:39:16.060735
30352,10378,fraud_alert,2026-01-29 05:07:55.439810
30353,10368,fraud_alert,2024-11-21 23:52:44.013645
30354,10212,fraud_alert,2025-07-01 02:48:25.441435
30355,10364,txn_issue,2024-04-06 00:01:56.535613
30356,10133,txn_issue,2026-02-08 16:47:24.523491
30357,10113,card_lost,2024-03-28 19:08:52.101979
30358,10149,card_lost,2025-10-19 14:00:02.354965
30359,10315,txn_issue,2024-05-15 18:35:01.682094
30360,10376,login_issue,2025-04-05 07:52:36.067636
30361,10077,txn_issue,2025-10-10 08:29:51.789108
30362,10014,fraud_alert,2024-05-03 09:20:09.300911
30363,10447,txn_issue,2024-11-25 10:25:58.552610
30364,10054,txn_issue,2025-02-09 20:57:05.730312
30365,10253,login_issue,2025-10-22 02:02:25.026072
30366,10464,txn_issue,2024-03-22 00:09:36.208151
30367,10173,card_lost,2024-09-25 14:45:47.100474
30368,10498,login_issue,2024-11-08 18:34:56.143858
30369,10434,card_lost,2025-04-24 04:56:15.078241
30370,10169,login_issue,2025-01-15 16:08:39.674643
30371,10092,login_issue,2025-03-12 13:47:38.633186
30372,10383,login_issue,2024-05-04 14:01:10.636418
30373,10129,fraud_alert,2025-10-12 01:55:16.194757
30374,10130,login_issue,2025-03-23 09:35:58.002595
30375,10072,fraud_alert,2025-02-01 16:41:23.857411
30376,10255,txn_issue,2025-06-08 15:48:11.940539
30377,10141,fraud_alert,2024-04-25 06:04:37.840868
30378,10486,fraud_alert,2024-03-25 03:41:43.870577
30379,10403,login_issue,2025-07-11 14:06:40.261289
30380,10307,login_issue,2024-09-02 01:37:01.298995
30381,10126,login_issue,2024-04-06 09:30:30.159812
30382,10251,login_issue,2025-02-11 10:35:53.211891
30383,10002,login_issue,2024-10-05 05:11:42.742963
30384,10479,txn_issue,2024-10-20 22:21:47.156516
30385,10010,login_issue,2024-04-18 13:15:04.493378
30386,10453,login_issue,2026-01-31 04:22:27.338894
30387,10471,card_lost,2024-09-05 18:31:00.417635
30388,10374,fraud_alert,2024-11-14 10:40:49.944781
30389,10286,txn_issue,2026-01-03 10:46:28.201139
30390,10224,txn_issue,2024-05-20 14:24:56.322889
30391,10065,txn_issue,2026-01-08 13:00:12.579899
30392,10109,txn_issue,2025-02-05 20:39:19.334002
30393,10300,fraud_alert,2025-02-15 03:14:36.752504
30394,10042,login_issue,2025-05-28 16:19:41.540912
30395,10259,login_issue,2025-02-06 11:07:02.987349
30396,10111,login_issue,2026-01-28 07:42:39.168730
30397,10414,login_issue,2024-06-28 13:27:09.618490
30398,10421,login_issue,2024-08-03 23:26:57.366521
30399,10028,login_issue,2024-04-07 22:21:51.513737
30400,10051,txn_issue,2025-11-28 14:54:07.909041
30401,10371,login_issue,2025-04-23 18:19:49.707573
30402,10213,login_issue,2024-09-08 16:02:15.201834
30403,10125,txn_issue,2024-03-28 00:51:15.638759
30404,10269,login_issue,2024-06-06 22:25:34.767908
30405,10040,fraud_alert,2025-09-19 23:22:16.121799
30406,10154,txn_issue,2024-05-05 06:15:25.456759
30407,10360,login_issue,2024-08-08 06:31:19.651340
30408,10158,login_issue,2024-04-09 07:29:34.252722
30409,10408,txn_issue,2026-01-03 03:38:28.449095
30410,10294,login_issue,2025-11-30 20:55:04.689008
30411,10361,login_issue,2025-04-14 06:46:16.009972
30412,10366,login_issue,2024-05-12 09:48:14.819994
30413,10453,txn_issue,2025-06-14 11:41:35.424796
30414,10272,login_issue,2024-04-17 23:16:26.858277
30415,10110,login_issue,2024-04-10 14:43:51.061542
30416,10234,card_lost,2024-10-27 07:28:27.104558
30417,10311,card_lost,2025-01-07 04:14:26.528142
30418,10177,txn_issue,2024-05-05 23:52:36.105764
30419,10127,fraud_alert,2025-07-25 17:28:18.639755
30420,10080,txn_issue,2025-06-29 03:49:44.080266
30421,10052,login_issue,2025-11-17 18:55:04.503985
30422,10305,txn_issue,2025-12-05 06:37:02.811334
30423,10448,login_issue,2025-03-01 18:51:35.786197
30424,10304,txn_issue,2024-05-15 19:13:07.531940
30425,10330,login_issue,2024-05-23 21:23:26.102539
30426,10082,login_issue,2024-04-24 21:32:09.809153
30427,10294,fraud_alert,2025-01-01 01:48:15.514520
30428,10273,fraud_alert,2025-04-19 02:34:42.450003
30429,10041,card_lost,2026-02-04 02:58:54.644766
30430,10310,fraud_alert,2025-12-06 16:44:22.689670
30431,10296,card_lost,2025-05-08 01:53:33.937939
30432,10287,login_issue,2026-01-15 13:07:00.148979
30433,10346,txn_issue,2025-04-30 08:14:22.823031
30434,10154,fraud_alert,2026-02-13 14:20:03.262807
30435,10232,login_issue,2025-06-23 20:10:19.727471
30436,10332,card_lost,2024-05-24 12:16:53.352302
30437,10146,login_issue,2026-01-02 07:21:31.650151
30438,10482,txn_issue,2025-10-14 19:49:31.894814
30439,10291,fraud_alert,2024-09-22 01:53:10.964756
30440,10379,login_issue,2024-04-30 00:01:19.897884
30441,10376,txn_issue,2025-09-10 09:10:31.439685
30442,10459,fraud_alert,2025-06-04 10:00:12.642226
30443,10056,txn_issue,2024-10-31 00:07:34.318872
30444,10373,txn_issue,2024-10-23 14:18:14.994686
30445,10030,card_lost,2025-08-02 06:36:22.351529
30446,10429,txn_issue,2026-02-04 18:17:32.153636
30447,10498,login_issue,2025-04-20 07:19:22.002824
30448,10075,fraud_alert,2025-07-13 11:34:29.588550
30449,10494,txn_issue,2024-06-16 02:06:05.078387
30450,10052,login_issue,2024-05-04 16:45:20.436433
30451,10196,login_issue,2024-06-18 21:11:21.656796
30452,10311,login_issue,2026-03-18 05:23:37.150932
30453,10228,login_issue,2026-02-11 04:31:14.648452
30454,10138,login_issue,2024-10-06 12:16:45.811023
30455,10182,login_issue,2026-01-12 22:28:01.747347
30456,10290,txn_issue,2025-08-12 11:21:50.298726
30457,10191,card_lost,2025-03-20 05:09:38.957023
30458,10159,card_lost,2025-08-09 22:01:54.266943
30459,10192,fraud_alert,2025-02-22 13:21:29.258164
30460,10480,txn_issue,2025-01-18 00:48:51.230148
30461,10178,card_lost,2024-05-11 02:47:06.801986
30462,10412,login_issue,2025-12-08 16:09:06.046145
30463,10363,login_issue,2024-06-22 11:57:26.985173
30464,10037,txn_issue,2025-05-06 10:31:02.011151
30465,10224,fraud_alert,2025-09-10 00:42:53.275104
30466,10160,txn_issue,2024-05-29 12:41:43.464533
30467,10209,fraud_alert,2024-04-17 13:59:14.398938
30468,10482,login_issue,2024-07-10 01:16:45.030674
30469,10291,login_issue,2024-05-28 03:48:29.373518
30470,10249,fraud_alert,2025-01-22 11:16:40.132940
30471,10185,login_issue,2024-11-16 22:52:04.088503
30472,10487,txn_issue,2026-01-29 21:12:20.759879
30473,10445,fraud_alert,2025-03-08 00:47:41.505609
30474,10341,login_issue,2026-02-10 07:27:53.070797
30475,10288,login_issue,2025-09-25 01:40:09.481468
30476,10226,login_issue,2024-04-18 09:28:19.641740
30477,10226,fraud_alert,2025-12-26 01:22:21.295035
30478,10008,txn_issue,2025-07-19 04:57:39.468154
30479,10464,login_issue,2025-04-29 14:09:00.203258
30480,10419,txn_issue,2024-09-19 20:41:52.901553
30481,10023,login_issue,2026-03-09 17:42:17.635415
30482,10470,fraud_alert,2026-02-17 08:09:27.725392
30483,10223,txn_issue,2024-10-29 03:02:12.964585
30484,10349,login_issue,2025-03-23 20:00:44.251136
30485,10166,txn_issue,2024-07-16 13:02:00.330150
30486,10275,txn_issue,2025-02-19 10:26:27.791470
30487,10438,login_issue,2024-06-27 10:05:42.239185
30488,10301,login_issue,2025-12-09 18:54:18.896472
30489,10036,login_issue,2025-09-03 06:16:56.315532
30490,10177,txn_issue,2024-05-02 10:01:13.335053
30491,10188,login_issue,2026-01-19 05:35:50.536376
30492,10312,login_issue,2025-06-27 18:03:56.100316
30493,10457,card_lost,2025-07-03 18:12:27.516137
30494,10320,login_issue,2024-07-31 11:05:10.013664
30495,10318,txn_issue,2024-10-01 16:32:28.605147
30496,10227,card_lost,2025-05-06 02:20:58.006943
30497,10059,login_issue,2025-03-01 13:17:48.596370
30498,10257,card_lost,2024-09-08 06:36:38.195755
30499,10097,txn_issue,2025-08-19 19:36:02.418637
30500,10209,fraud_alert,2025-03-19 11:41:15.258778
30501,10249,txn_issue,2026-03-04 20:08:29.127826
30502,10474,txn_issue,2026-02-17 09:17:28.841447
30503,10333,fraud_alert,2025-06-15 13:04:55.366264
30504,10261,login_issue,2025-12-20 06:49:45.386221
30505,10403,login_issue,2024-08-06 00:07:09.881030
30506,10058,card_lost,2025-06-22 06:44:51.705079
30507,10057,login_issue,2024-11-23 01:09:09.906765
30508,10170,login_issue,2025-02-28 07:25:50.568283
30509,10073,txn_issue,2025-08-02 01:43:34.270515
30510,10390,login_issue,2024-03-31 16:45:33.224320
30511,10341,txn_issue,2025-08-13 10:37:25.215379
30512,10497,fraud_alert,2024-09-22 07:29:24.012288
30513,10022,fraud_alert,2026-01-02 08:09:27.993641
30514,10053,txn_issue,2025-06-10 10:29:49.506827
30515,10057,txn_issue,2025-05-14 08:24:58.522490
30516,10382,fraud_alert,2025-01-06 22:10:38.523379
30517,10103,login_issue,2025-01-23 13:58:03.998032
30518,10112,txn_issue,2025-08-23 13:15:14.201658
30519,10307,card_lost,2025-10-25 09:42:46.430301
30520,10261,txn_issue,2024-10-31 07:39:03.506132
30521,10406,login_issue,2024-12-25 16:21:17.771537
30522,10370,txn_issue,2025-04-13 22:55:00.138645
30523,10135,fraud_alert,2024-09-30 19:24:01.371512
30524,10320,login_issue,2025-07-27 20:40:55.913969
30525,10185,fraud_alert,2024-09-17 13:59:20.400609
30526,10026,login_issue,2025-05-01 03:16:50.342681
30527,10025,txn_issue,2024-11-08 04:17:45.250877
30528,10325,card_lost,2025-09-25 08:54:58.232866
30529,10416,card_lost,2025-10-22 14:17:30.605456
30530,10264,txn_issue,2024-11-28 10:03:49.133136
30531,10009,txn_issue,2025-08-20 19:25:42.959010
30532,10310,login_issue,2025-06-03 10:15:28.249231
30533,10220,login_issue,2025-04-28 02:17:43.740198
30534,10276,txn_issue,2025-04-27 22:29:50.184876
30535,10452,fraud_alert,2025-07-16 07:24:34.206162
30536,10195,fraud_alert,2025-01-10 02:55:03.826180
30537,10172,login_issue,2025-10-17 11:02:21.229954
30538,10425,txn_issue,2024-07-11 16:35:27.788315
30539,10170,txn_issue,2024-09-17 22:09:58.216604
30540,10395,fraud_alert,2026-03-01 01:40:09.284676
30541,10112,fraud_alert,2025-12-13 01:30:03.626837
30542,10477,fraud_alert,2025-11-16 16:52:37.151466
30543,10383,txn_issue,2025-12-06 00:36:55.309160
30544,10171,login_issue,2026-01-02 19:58:46.900047
30545,10214,login_issue,2026-02-04 01:30:50.919669
30546,10392,txn_issue,2025-06-23 20:24:27.791218
30547,10174,txn_issue,2024-04-30 08:58:14.742518
30548,10290,fraud_alert,2024-06-04 07:40:17.122264
30549,10479,login_issue,2025-01-23 21:39:37.371312
30550,10068,card_lost,2024-09-15 16:04:43.105478
30551,10399,login_issue,2025-10-10 12:40:19.926784
30552,10146,login_issue,2024-06-13 07:50:32.219185
30553,10139,login_issue,2025-08-06 23:05:51.235670
30554,10219,txn_issue,2024-06-25 09:08:28.107791
30555,10403,fraud_alert,2024-12-18 13:51:28.684099
30556,10498,login_issue,2025-08-05 21:47:53.558242
30557,10329,txn_issue,2024-09-22 16:04:43.578378
30558,10025,fraud_alert,2025-08-05 09:54:28.709256
30559,10406,login_issue,2024-11-25 21:50:46.555510
30560,10252,login_issue,2026-02-28 07:50:02.815287
30561,10215,txn_issue,2025-01-17 16:12:50.829998
30562,10446,login_issue,2025-01-07 02:52:10.435269
30563,10165,txn_issue,2025-10-25 06:13:21.050522
30564,10394,login_issue,2025-04-09 21:51:18.383058
30565,10081,card_lost,2025-01-20 14:07:32.154157
30566,10308,txn_issue,2025-12-27 22:40:37.065943
30567,10077,txn_issue,2024-08-09 11:59:17.460692
30568,10324,txn_issue,2025-02-18 15:31:44.956040
30569,10480,fraud_alert,2024-10-13 00:58:11.171484
30570,10284,fraud_alert,2024-09-30 15:29:50.476268
30571,10158,login_issue,2024-12-10 07:14:18.310447
30572,10174,fraud_alert,2025-08-25 13:11:29.119233
30573,10168,txn_issue,2025-09-11 18:50:36.678016
30574,10149,fraud_alert,2025-12-25 20:26:29.331236
30575,10143,card_lost,2026-02-07 03:28:40.226025
30576,10131,login_issue,2024-08-15 15:44:06.247730
30577,10337,txn_issue,2025-12-16 12:38:04.700902
30578,10463,fraud_alert,2026-01-31 08:46:54.207080
30579,10097,card_lost,2024-05-20 11:38:42.974668
30580,10453,txn_issue,2024-06-04 23:19:00.128129
30581,10264,fraud_alert,2024-11-23 02:37:11.347937
30582,10393,fraud_alert,2025-12-29 18:45:26.901231
30583,10378,fraud_alert,2024-09-29 15:31:01.488755
30584,10346,card_lost,2026-03-14 10:47:47.433301
30585,10386,login_issue,2024-11-17 22:25:26.859111
30586,10165,card_lost,2025-07-01 17:19:57.324857
30587,10484,login_issue,2024-07-19 20:35:15.758774
30588,10396,txn_issue,2025-11-03 22:20:36.818401
30589,10019,txn_issue,2025-06-24 14:04:29.678242
30590,10283,fraud_alert,2025-04-12 07:42:03.996433
30591,10408,login_issue,2024-10-24 16:57:09.207304
30592,10450,login_issue,2025-12-05 14:11:57.275286
30593,10016,fraud_alert,2025-10-02 07:06:32.714531
30594,10002,txn_issue,2024-12-21 14:54:01.407988
30595,10405,fraud_alert,2025-03-24 11:11:10.274087
30596,10010,fraud_alert,2026-01-05 22:57:59.274198
30597,10442,fraud_alert,2024-05-13 13:49:32.411987
30598,10106,fraud_alert,2025-06-18 22:27:02.871757
30599,10017,txn_issue,2024-06-17 22:44:15.770833
30600,10204,txn_issue,2026-01-13 17:07:37.245491
30601,10007,login_issue,2024-10-05 14:07:10.918328
30602,10201,login_issue,2025-03-13 20:08:22.085001
30603,10046,fraud_alert,2025-06-09 00:12:11.941093
30604,10178,login_issue,2026-01-08 00:49:38.063670
30605,10010,fraud_alert,2025-07-15 15:52:41.237719
30606,10272,txn_issue,2024-10-16 15:56:37.930622
30607,10257,fraud_alert,2025-05-22 14:41:29.126654
30608,10137,txn_issue,2025-12-21 18:30:02.245597
30609,10013,fraud_alert,2026-03-13 18:30:03.579908
30610,10189,login_issue,2024-07-24 20:18:29.488012
30611,10432,login_issue,2025-02-05 04:11:45.192212
30612,10144,login_issue,2024-08-16 07:43:05.271755
30613,10226,login_issue,2024-08-23 16:57:56.626965
30614,10425,card_lost,2026-01-11 22:26:13.769443
30615,10286,fraud_alert,2025-06-14 18:10:56.048734
30616,10205,login_issue,2025-12-24 11:32:46.968709
30617,10328,card_lost,2024-12-18 18:23:00.044335
30618,10183,fraud_alert,2025-07-04 08:29:08.050572
30619,10011,txn_issue,2025-11-03 05:21:16.109528
30620,10369,txn_issue,2024-12-08 03:45:46.195575
30621,10436,txn_issue,2025-12-03 23:10:06.485055
30622,10479,txn_issue,2024-05-03 18:13:06.864453
30623,10491,fraud_alert,2024-11-05 23:30:47.828068
30624,10331,login_issue,2024-06-15 04:20:43.556243
30625,10048,fraud_alert,2024-12-14 07:54:35.225788
30626,10263,txn_issue,2026-02-07 13:32:42.109454
30627,10438,fraud_alert,2024-05-14 02:05:55.240245
30628,10257,login_issue,2025-04-10 12:48:45.432805
30629,10087,login_issue,2025-12-05 20:08:12.448353
30630,10032,card_lost,2025-03-05 19:04:44.240647
30631,10318,txn_issue,2025-05-09 14:37:58.795334
30632,10143,login_issue,2026-01-19 05:30:47.864044
30633,10466,login_issue,2026-01-04 19:51:09.861985
30634,10092,txn_issue,2024-04-24 16:09:01.988825
30635,10189,fraud_alert,2026-02-17 18:49:34.505787
30636,10078,login_issue,2025-11-03 19:06:53.062874
30637,10333,fraud_alert,2025-05-01 11:29:30.508833
30638,10440,login_issue,2024-09-26 01:35:25.018531
30639,10034,login_issue,2025-09-11 18:01:55.262346
30640,10148,txn_issue,2026-03-18 20:15:24.533064
30641,10118,fraud_alert,2024-04-07 20:49:39.049064
30642,10024,fraud_alert,2025-03-22 15:26:44.612996
30643,10028,txn_issue,2024-06-30 13:59:30.044629
30644,10267,txn_issue,2025-01-09 13:36:27.096755
30645,10243,login_issue,2024-10-25 03:04:33.939429
30646,10476,txn_issue,2026-02-12 03:30:19.209388
30647,10214,login_issue,2025-09-13 16:14:55.235770
30648,10414,card_lost,2025-04-14 22:42:37.768007
30649,10038,txn_issue,2025-07-30 05:13:40.465960
30650,10209,txn_issue,2026-03-04 20:17:50.079510
30651,10214,login_issue,2026-02-04 13:39:56.498951
30652,10129,txn_issue,2024-10-31 11:13:20.796553
30653,10121,fraud_alert,2025-09-15 03:08:55.383379
30654,10212,login_issue,2026-03-11 15:27:50.003402
30655,10453,login_issue,2025-06-27 10:40:21.195658
30656,10161,login_issue,2026-01-21 19:08:01.028512
30657,10109,fraud_alert,2025-06-24 16:19:01.615820
30658,10065,fraud_alert,2024-03-29 18:18:03.107344
30659,10428,txn_issue,2025-01-21 09:54:20.588591
30660,10064,fraud_alert,2025-09-14 03:48:42.106850
30661,10009,login_issue,2024-12-29 10:19:51.367907
30662,10032,txn_issue,2025-08-31 23:19:45.419383
30663,10310,login_issue,2024-12-20 22:19:25.942984
30664,10125,fraud_alert,2025-12-11 21:24:57.335066
30665,10282,fraud_alert,2025-06-20 20:17:52.098067
30666,10318,login_issue,2024-09-13 02:45:34.324741
30667,10109,login_issue,2025-02-08 18:55:14.411330
30668,10170,txn_issue,2024-11-01 04:16:50.934705
30669,10176,fraud_alert,2024-06-02 21:59:58.584576
30670,10390,fraud_alert,2025-11-03 06:33:24.608712
30671,10245,fraud_alert,2025-10-24 17:24:03.071522
30672,10374,login_issue,2025-10-22 09:40:46.895085
30673,10256,login_issue,2025-04-03 02:42:03.032599
30674,10286,login_issue,2025-03-13 19:31:52.193860
30675,10232,txn_issue,2026-02-16 05:51:39.897730
30676,10151,txn_issue,2025-06-22 10:20:54.737712
30677,10103,login_issue,2024-12-26 20:59:18.295332
30678,10473,fraud_alert,2024-03-26 15:03:15.612458
30679,10025,login_issue,2024-05-15 17:13:55.834662
30680,10141,fraud_alert,2025-10-05 13:26:14.376755
30681,10153,fraud_alert,2025-02-02 20:51:31.568195
30682,10273,fraud_alert,2024-11-30 18:02:23.981159
30683,10108,txn_issue,2024-03-26 15:39:33.105309
30684,10027,login_issue,2024-06-06 14:22:49.327408
30685,10139,txn_issue,2024-07-18 09:20:17.797981
30686,10134,txn_issue,2024-03-21 17:05:20.485690
30687,10079,login_issue,2025-09-02 06:04:08.393178
30688,10293,card_lost,2024-08-06 14:46:59.944582
30689,10224,txn_issue,2025-01-17 11:10:28.259743
30690,10368,login_issue,2024-03-21 06:57:37.647488
30691,10216,card_lost,2024-09-21 20:40:44.663513
30692,10203,txn_issue,2024-04-27 14:02:27.077784
30693,10106,card_lost,2026-01-14 02:08:47.036145
30694,10477,login_issue,2025-03-06 03:40:58.555562
30695,10456,login_issue,2025-05-01 15:17:28.503195
30696,10376,fraud_alert,2025-11-02 18:21:51.965079
30697,10165,txn_issue,2025-04-19 08:58:00.116996
30698,10202,fraud_alert,2025-10-17 13:59:37.418985
30699,10315,txn_issue,2026-02-20 23:36:21.769032
30700,10010,login_issue,2025-03-28 16:20:56.902330
30701,10257,card_lost,2024-09-01 18:50:50.416596
30702,10237,fraud_alert,2024-06-25 17:24:39.446654
30703,10052,login_issue,2026-01-25 03:33:05.903506
30704,10215,txn_issue,2024-05-02 23:19:49.947197
30705,10146,login_issue,2024-12-30 18:50:18.372324
30706,10343,login_issue,2024-05-17 11:41:22.593354
30707,10261,fraud_alert,2025-09-17 03:27:37.113052
30708,10384,card_lost,2025-06-13 20:45:41.299992
30709,10496,fraud_alert,2024-10-21 20:07:36.419420
30710,10358,card_lost,2024-12-16 18:29:43.712779
30711,10374,login_issue,2025-12-01 08:03:06.832325
30712,10223,login_issue,2025-06-14 20:55:07.816899
30713,10373,login_issue,2025-09-28 08:10:02.735056
30714,10490,fraud_alert,2025-06-14 10:33:45.570500
30715,10103,fraud_alert,2025-11-04 23:59:17.730161
30716,10212,txn_issue,2025-09-20 17:42:05.570036
30717,10349,fraud_alert,2025-02-13 17:52:01.124464
30718,10048,fraud_alert,2025-12-19 07:50:34.103673
30719,10289,login_issue,2024-07-17 19:57:25.215473
30720,10185,login_issue,2026-01-29 11:32:52.351551
30721,10103,login_issue,2025-07-05 22:46:30.214977
30722,10224,txn_issue,2024-10-14 22:38:35.697795
30723,10281,login_issue,2024-10-09 08:28:26.897994
30724,10300,txn_issue,2024-10-03 02:05:11.996913
30725,10091,fraud_alert,2024-09-24 02:28:47.411952
30726,10377,txn_issue,2024-03-30 04:43:04.681871
30727,10471,card_lost,2025-03-02 13:33:56.029310
30728,10111,txn_issue,2025-11-25 06:55:04.534768
30729,10322,login_issue,2024-07-21 23:04:00.436980
30730,10128,txn_issue,2025-08-17 11:33:09.315595
30731,10251,login_issue,2025-04-13 14:56:04.087174
30732,10498,login_issue,2025-01-23 04:19:33.291933
30733,10196,login_issue,2025-08-26 20:46:04.821604
30734,10153,fraud_alert,2024-12-03 15:36:53.060054
30735,10429,card_lost,2024-12-14 01:25:32.056797
30736,10279,txn_issue,2025-04-03 01:45:34.442819
30737,10489,login_issue,2026-01-25 22:54:05.918464
30738,10356,fraud_alert,2024-11-10 08:13:45.273929
30739,10425,fraud_alert,2025-05-31 15:00:12.197189
30740,10343,login_issue,2025-12-13 12:21:42.653803
30741,10120,login_issue,2024-10-05 16:44:46.674873
30742,10417,login_issue,2026-03-02 12:19:07.891249
30743,10377,card_lost,2025-07-14 23:35:01.714510
30744,10284,txn_issue,2025-08-11 14:49:10.341363
30745,10264,txn_issue,2024-08-22 22:14:57.196806
30746,10225,login_issue,2025-09-21 12:27:14.396923
30747,10254,login_issue,2025-03-12 20:37:13.548515
30748,10157,login_issue,2025-09-29 19:42:32.501964
30749,10368,login_issue,2025-03-23 03:12:26.221077
30750,10184,login_issue,2025-05-27 06:51:00.723033
30751,10399,txn_issue,2024-04-10 01:29:12.432953
30752,10015,txn_issue,2024-11-04 17:50:09.558667
30753,10293,login_issue,2025-03-04 03:41:35.978027
30754,10403,txn_issue,2025-02-25 20:22:08.002593
30755,10363,fraud_alert,2025-11-09 15:51:02.525652
30756,10443,login_issue,2025-07-01 13:15:15.386406
30757,10435,login_issue,2025-11-29 23:37:49.778543
30758,10120,login_issue,2024-08-19 17:43:55.517972
30759,10341,card_lost,2025-02-07 02:40:17.835221
30760,10248,login_issue,2024-03-31 16:16:56.550972
30761,10419,login_issue,2024-11-02 21:51:21.134153
30762,10474,login_issue,2025-06-20 04:09:11.744452
30763,10118,login_issue,2024-04-18 13:39:58.904450
30764,10092,txn_issue,2025-05-22 14:35:24.989418
30765,10470,card_lost,2025-06-05 04:55:26.335405
30766,10036,fraud_alert,2025-09-04 03:55:58.928215
30767,10437,login_issue,2025-04-15 05:56:46.958344
30768,10336,txn_issue,2024-11-06 06:04:51.185183
30769,10012,txn_issue,2025-10-04 22:18:57.974940
30770,10028,login_issue,2025-11-07 02:43:24.876112
30771,10455,txn_issue,2024-09-04 00:18:52.803884
30772,10289,login_issue,2024-04-29 18:08:14.783148
30773,10472,login_issue,2024-09-08 18:12:27.735461
30774,10075,login_issue,2026-02-28 21:43:26.786337
30775,10079,login_issue,2025-01-30 20:37:42.981039
30776,10211,fraud_alert,2024-04-07 15:39:56.491199
30777,10183,login_issue,2024-06-25 12:12:53.343587
30778,10079,txn_issue,2024-12-04 19:39:44.657566
30779,10201,login_issue,2025-04-26 23:23:04.143164
30780,10205,login_issue,2025-01-13 10:45:02.790135
30781,10306,login_issue,2025-06-25 06:42:14.637804
30782,10029,login_issue,2024-12-24 21:49:02.510222
30783,10314,fraud_alert,2025-08-25 14:41:26.394225
30784,10282,card_lost,2025-12-04 08:25:01.081618
30785,10023,txn_issue,2025-01-20 06:18:03.859956
30786,10017,fraud_alert,2024-12-06 00:47:39.345845
30787,10133,txn_issue,2025-07-27 06:22:44.104345
30788,10059,txn_issue,2026-01-11 18:41:54.927799
30789,10144,txn_issue,2025-01-01 00:22:50.806438
30790,10103,fraud_alert,2026-01-11 10:51:20.114290
30791,10094,card_lost,2024-11-13 16:48:12.641108
30792,10405,fraud_alert,2024-05-18 21:41:14.831486
30793,10261,fraud_alert,2024-07-23 07:12:21.418187
30794,10442,txn_issue,2024-04-30 16:19:34.088438
30795,10282,fraud_alert,2025-03-20 14:59:55.183955
30796,10171,txn_issue,2024-06-22 16:56:30.625546
30797,10368,fraud_alert,2024-07-18 18:11:08.184873
30798,10126,fraud_alert,2024-06-27 23:59:55.642093
30799,10478,fraud_alert,2024-11-02 02:53:44.192281
30800,10443,login_issue,2025-07-11 20:14:10.173623
30801,10086,login_issue,2026-01-17 09:14:44.550778
30802,10186,txn_issue,2025-04-08 14:36:44.278318
30803,10109,txn_issue,2025-12-20 07:33:31.554617
30804,10002,fraud_alert,2024-06-23 12:40:02.931265
30805,10044,login_issue,2024-10-08 17:43:15.841620
30806,10204,card_lost,2025-05-19 12:55:05.706922
30807,10106,fraud_alert,2024-05-03 13:29:06.614273
30808,10219,login_issue,2024-11-30 01:16:22.367710
30809,10410,txn_issue,2025-10-15 08:58:07.962588
30810,10109,login_issue,2025-06-25 15:04:31.464190
30811,10044,login_issue,2024-11-10 01:05:32.580039
30812,10217,card_lost,2024-12-17 22:06:50.605208
30813,10403,fraud_alert,2024-11-20 19:04:58.991812
30814,10305,login_issue,2025-10-26 06:37:46.914665
30815,10091,login_issue,2025-07-01 06:11:44.382236
30816,10496,fraud_alert,2025-02-26 20:55:25.560480
30817,10081,fraud_alert,2025-02-14 02:36:02.839142
30818,10185,fraud_alert,2025-09-04 06:15:42.352654
30819,10134,txn_issue,2025-05-25 14:06:44.811390
30820,10407,card_lost,2024-04-16 21:27:06.437884
30821,10338,fraud_alert,2025-02-09 19:15:36.884289
30822,10299,txn_issue,2026-01-02 12:11:00.356929
30823,10044,txn_issue,2026-01-21 23:11:57.664329
30824,10497,login_issue,2026-01-25 21:39:40.839567
30825,10066,card_lost,2025-10-06 01:40:16.545588
30826,10301,login_issue,2024-11-10 20:15:46.206112
30827,10019,txn_issue,2026-01-03 15:13:00.893239
30828,10243,txn_issue,2025-03-09 23:35:57.863362
30829,10248,login_issue,2025-12-08 02:10:04.377272
30830,10004,login_issue,2025-05-03 06:01:05.186129
30831,10097,txn_issue,2025-09-18 13:40:35.374066
30832,10354,card_lost,2025-09-01 23:03:10.050842
30833,10096,fraud_alert,2025-09-02 10:51:32.238084
30834,10441,txn_issue,2025-09-18 21:10:15.573177
30835,10210,login_issue,2024-11-16 07:59:53.817407
30836,10236,card_lost,2024-07-22 14:33:19.572437
30837,10137,txn_issue,2026-02-07 01:13:58.359980
30838,10357,login_issue,2026-02-03 10:20:39.785685
30839,10048,login_issue,2025-09-14 21:46:10.055214
30840,10164,card_lost,2025-11-15 23:35:18.209324
30841,10500,fraud_alert,2025-01-20 09:11:31.620936
30842,10195,login_issue,2025-10-20 10:29:11.378067
30843,10274,login_issue,2025-11-27 20:30:54.266252
30844,10296,card_lost,2024-04-26 14:48:57.896144
30845,10473,login_issue,2025-07-14 23:07:10.990165
30846,10450,txn_issue,2025-10-29 10:34:04.780455
30847,10492,txn_issue,2025-10-05 15:27:13.302979
30848,10321,login_issue,2025-12-02 12:41:02.016035
30849,10472,login_issue,2025-12-02 09:29:22.643882
30850,10408,card_lost,2025-05-24 07:56:12.480507
30851,10181,fraud_alert,2025-06-26 14:27:25.191658
30852,10114,login_issue,2024-07-26 00:49:18.017182
30853,10426,fraud_alert,2024-10-06 01:20:42.567996
30854,10309,fraud_alert,2025-08-02 22:36:12.926254
30855,10488,login_issue,2025-11-29 04:07:47.976676
30856,10062,txn_issue,2025-01-26 19:23:59.946868
30857,10446,login_issue,2025-12-20 23:42:26.515302
30858,10452,txn_issue,2024-08-19 18:36:33.782638
30859,10126,txn_issue,2025-06-19 00:46:35.017025
30860,10370,txn_issue,2025-03-17 15:51:40.231114
30861,10163,txn_issue,2025-07-28 19:43:36.793111
30862,10483,login_issue,2025-05-21 06:31:10.208606
30863,10185,login_issue,2026-02-01 12:02:25.710351
30864,10317,txn_issue,2025-06-13 11:19:03.292790
30865,10140,card_lost,2024-07-01 23:12:56.758260
30866,10243,fraud_alert,2025-11-09 00:44:20.737037
30867,10049,login_issue,2025-07-18 16:33:44.251729
30868,10471,login_issue,2024-11-23 00:36:20.842489
30869,10497,login_issue,2024-04-16 21:06:09.796773
30870,10150,fraud_alert,2024-03-20 18:13:39.031032
30871,10090,card_lost,2025-05-03 08:28:09.771542
30872,10324,login_issue,2025-09-25 23:09:30.777944
30873,10327,login_issue,2024-11-25 06:25:12.810315
30874,10407,card_lost,2025-08-24 00:19:16.243091
30875,10351,fraud_alert,2026-02-05 17:16:45.408389
30876,10391,fraud_alert,2024-10-12 17:11:18.918147
30877,10382,login_issue,2025-01-17 03:02:10.228718
30878,10278,txn_issue,2025-09-11 11:48:58.859907
30879,10359,login_issue,2025-02-26 06:07:41.965064
30880,10296,login_issue,2024-11-08 23:01:36.755524
30881,10147,login_issue,2025-11-21 14:42:03.098838
30882,10053,card_lost,2025-04-20 23:57:39.854376
30883,10286,login_issue,2024-05-09 15:05:25.617875
30884,10154,txn_issue,2026-03-15 14:12:44.728024
30885,10379,card_lost,2025-07-26 16:22:59.437413
30886,10425,login_issue,2025-06-07 10:00:09.625981
30887,10376,fraud_alert,2025-03-07 05:34:10.644754
30888,10150,txn_issue,2025-08-17 09:23:00.832679
30889,10061,login_issue,2024-11-18 20:30:23.663394
30890,10073,login_issue,2025-06-12 08:25:54.136397
30891,10302,login_issue,2025-01-18 20:45:35.737153
30892,10058,login_issue,2024-11-03 05:02:34.433043
30893,10029,txn_issue,2025-08-30 05:38:43.761500
30894,10224,fraud_alert,2025-09-17 08:47:39.256099
30895,10053,login_issue,2024-04-04 23:39:23.713310
30896,10402,txn_issue,2024-05-02 14:05:21.012248
30897,10159,fraud_alert,2024-12-03 19:09:39.182892
30898,10288,txn_issue,2024-04-05 11:09:54.974841
30899,10009,txn_issue,2025-10-18 14:33:15.261850
30900,10478,txn_issue,2024-08-16 11:08:54.476704
30901,10037,fraud_alert,2025-12-26 15:59:32.602905
30902,10480,login_issue,2024-05-14 18:29:38.419802
30903,10264,txn_issue,2025-04-09 04:52:01.908630
30904,10408,card_lost,2025-03-18 23:55:37.614552
30905,10068,txn_issue,2025-03-17 10:10:04.197492
30906,10308,txn_issue,2025-02-10 22:37:57.491641
30907,10302,txn_issue,2025-04-04 20:53:37.972074
30908,10273,login_issue,2025-07-08 09:57:21.671419
30909,10021,txn_issue,2026-01-07 22:20:54.516738
30910,10048,fraud_alert,2026-03-18 01:59:12.018963
30911,10265,txn_issue,2026-01-01 11:29:59.867769
30912,10252,login_issue,2024-08-04 20:24:36.011724
30913,10453,txn_issue,2024-08-26 16:55:18.525486
30914,10005,login_issue,2025-03-25 20:52:33.422286
30915,10478,login_issue,2024-10-15 15:05:04.279403
30916,10006,login_issue,2025-08-22 02:44:03.330663
30917,10230,login_issue,2025-06-10 20:23:16.802211
30918,10456,fraud_alert,2025-03-06 10:05:16.814767
30919,10432,fraud_alert,2025-10-28 17:16:30.557618
30920,10046,txn_issue,2025-10-29 09:57:25.533545
30921,10097,fraud_alert,2024-04-24 08:18:52.607277
30922,10112,card_lost,2024-09-15 04:57:26.579793
30923,10207,txn_issue,2026-03-09 21:54:31.807317
30924,10357,card_lost,2025-09-10 04:04:25.185148
30925,10457,login_issue,2025-07-27 21:28:59.741786
30926,10447,card_lost,2024-05-03 18:13:08.293904
30927,10131,fraud_alert,2025-11-05 13:48:06.992722
30928,10159,login_issue,2024-10-19 07:05:38.227643
30929,10379,login_issue,2024-05-22 12:27:41.585405
30930,10103,fraud_alert,2025-07-07 23:24:08.767843
30931,10135,login_issue,2024-09-18 13:27:53.240808
30932,10016,txn_issue,2025-07-09 20:44:52.397752
30933,10092,txn_issue,2025-12-11 23:10:15.764972
30934,10378,login_issue,2024-04-28 16:39:33.532560
30935,10227,login_issue,2024-07-30 02:37:17.207353
30936,10143,txn_issue,2024-03-31 16:42:12.184643
30937,10263,login_issue,2025-06-04 22:44:32.909041
30938,10355,login_issue,2024-08-12 14:38:30.911847
30939,10112,fraud_alert,2024-08-29 15:09:15.120122
30940,10479,txn_issue,2026-01-14 06:10:18.914484
30941,10422,txn_issue,2025-04-18 18:07:51.933040
30942,10392,login_issue,2025-09-05 04:26:28.318386
30943,10240,txn_issue,2025-08-01 20:19:25.606951
30944,10184,txn_issue,2024-05-07 21:25:32.104298
30945,10486,txn_issue,2025-05-18 00:31:25.407270
30946,10464,login_issue,2026-01-28 06:52:31.419220
30947,10098,fraud_alert,2025-03-09 18:01:39.105691
30948,10385,fraud_alert,2026-03-03 08:33:58.272743
30949,10147,login_issue,2026-01-29 17:58:26.991280
30950,10206,txn_issue,2025-03-19 08:31:44.938223
30951,10019,login_issue,2025-02-17 09:59:27.982917
30952,10087,login_issue,2025-02-21 20:47:37.733790
30953,10260,fraud_alert,2024-09-11 12:35:06.717294
30954,10192,fraud_alert,2025-01-17 23:50:53.601081
30955,10482,txn_issue,2025-09-30 01:58:32.515255
30956,10130,fraud_alert,2025-02-16 06:54:19.071903
30957,10204,fraud_alert,2024-11-02 09:02:21.798738
30958,10023,fraud_alert,2024-11-29 17:27:16.309180
30959,10184,fraud_alert,2024-11-16 17:55:27.002437
30960,10107,fraud_alert,2025-12-27 00:25:47.075264
30961,10082,fraud_alert,2024-08-19 01:06:30.435051
30962,10480,txn_issue,2026-01-06 03:55:38.025563
30963,10435,fraud_alert,2025-03-23 10:35:32.170421
30964,10337,login_issue,2025-06-11 03:34:02.758952
30965,10159,fraud_alert,2025-10-29 19:07:20.056710
30966,10314,fraud_alert,2025-08-10 08:40:33.872185
30967,10420,login_issue,2024-08-14 16:10:58.755094
30968,10474,login_issue,2025-10-04 15:57:19.772511
30969,10268,login_issue,2025-08-29 10:22:19.935929
30970,10121,login_issue,2024-06-06 21:21:01.848554
30971,10163,txn_issue,2024-04-25 23:47:56.759664
30972,10464,txn_issue,2024-12-23 23:56:07.456445
30973,10004,login_issue,2024-08-16 08:05:30.723559
30974,10284,login_issue,2024-11-05 06:51:13.761306
30975,10230,login_issue,2024-08-17 03:27:36.566501
30976,10289,login_issue,2025-11-10 23:14:35.476414
30977,10485,txn_issue,2025-04-16 14:44:41.047449
30978,10330,login_issue,2025-09-05 11:50:38.526050
30979,10415,txn_issue,2024-06-26 21:59:06.497972
30980,10206,login_issue,2025-08-06 22:56:21.489382
30981,10005,fraud_alert,2024-08-04 20:22:56.319618
30982,10266,fraud_alert,2026-02-09 06:20:19.905379
30983,10153,txn_issue,2024-05-19 03:57:11.112662
30984,10425,login_issue,2024-12-11 20:59:43.518563
30985,10493,login_issue,2025-09-15 10:41:07.740232
30986,10017,card_lost,2024-05-10 02:21:08.835631
30987,10243,fraud_alert,2026-03-01 10:21:00.280620
30988,10189,login_issue,2025-04-03 22:50:27.354791
30989,10212,login_issue,2024-11-20 18:59:45.624138
30990,10316,login_issue,2025-10-14 20:29:03.855729
30991,10289,login_issue,2025-02-22 09:38:26.729712
30992,10137,fraud_alert,2024-07-02 17:34:18.141110
30993,10178,txn_issue,2024-09-18 23:56:58.104847
30994,10159,card_lost,2025-01-29 18:34:35.863364
30995,10389,login_issue,2025-10-25 16:12:37.306784
30996,10174,fraud_alert,2025-01-22 18:39:06.003184
30997,10477,login_issue,2024-12-26 16:36:02.309550
30998,10243,txn_issue,2024-10-11 16:09:31.919535
30999,10111,txn_issue,2024-06-05 14:34:54.192902
31000,10132,fraud_alert,2025-06-24 22:14:12.804800
